Year,Losses,Area,Unit
2024,31.36,Afghanistan,1000 tonnes
2025,31.15,Afghanistan,1000 tonnes
2026,31.28,Afghanistan,1000 tonnes
2027,31.2,Afghanistan,1000 tonnes
2028,31.25,Afghanistan,1000 tonnes
2029,31.22,Afghanistan,1000 tonnes
2030,31.24,Afghanistan,1000 tonnes
2031,31.23,Afghanistan,1000 tonnes
2032,31.23,Afghanistan,1000 tonnes
2033,31.23,Afghanistan,1000 tonnes
2034,31.23,Afghanistan,1000 tonnes
2024,2814.66,Africa,1000 tonnes
2025,2881.32,Africa,1000 tonnes
2026,2947.99,Africa,1000 tonnes
2027,3014.65,Africa,1000 tonnes
2028,3081.3,Africa,1000 tonnes
2029,3147.96,Africa,1000 tonnes
2030,3214.62,Africa,1000 tonnes
2031,3281.28,Africa,1000 tonnes
2032,3347.93,Africa,1000 tonnes
2033,3414.59,Africa,1000 tonnes
2034,3481.24,Africa,1000 tonnes
2024,1880.42,Americas,1000 tonnes
2025,2039.0,Americas,1000 tonnes
2026,1880.42,Americas,1000 tonnes
2027,2038.99,Americas,1000 tonnes
2028,1880.43,Americas,1000 tonnes
2029,2038.99,Americas,1000 tonnes
2030,1880.43,Americas,1000 tonnes
2031,2038.99,Americas,1000 tonnes
2032,1880.43,Americas,1000 tonnes
2033,2038.99,Americas,1000 tonnes
2034,1880.44,Americas,1000 tonnes
2024,0.0,Angola,1000 tonnes
2025,0.0,Angola,1000 tonnes
2026,0.0,Angola,1000 tonnes
2027,0.0,Angola,1000 tonnes
2028,0.0,Angola,1000 tonnes
2029,0.0,Angola,1000 tonnes
2030,0.0,Angola,1000 tonnes
2031,0.0,Angola,1000 tonnes
2032,0.0,Angola,1000 tonnes
2033,0.0,Angola,1000 tonnes
2034,0.0,Angola,1000 tonnes
2024,47.91,Argentina,1000 tonnes
2025,48.51,Argentina,1000 tonnes
2026,48.18,Argentina,1000 tonnes
2027,48.36,Argentina,1000 tonnes
2028,48.26,Argentina,1000 tonnes
2029,48.31,Argentina,1000 tonnes
2030,48.28,Argentina,1000 tonnes
2031,48.3,Argentina,1000 tonnes
2032,48.29,Argentina,1000 tonnes
2033,48.3,Argentina,1000 tonnes
2034,48.29,Argentina,1000 tonnes
2024,27057.94,Asia,1000 tonnes
2025,26895.31,Asia,1000 tonnes
2026,27012.37,Asia,1000 tonnes
2027,26928.11,Asia,1000 tonnes
2028,26988.76,Asia,1000 tonnes
2029,26945.1,Asia,1000 tonnes
2030,26976.53,Asia,1000 tonnes
2031,26953.91,Asia,1000 tonnes
2032,26970.19,Asia,1000 tonnes
2033,26958.47,Asia,1000 tonnes
2034,26966.9,Asia,1000 tonnes
2024,2.34,Australia,1000 tonnes
2025,3.38,Australia,1000 tonnes
2026,4.19,Australia,1000 tonnes
2027,4.82,Australia,1000 tonnes
2028,5.32,Australia,1000 tonnes
2029,5.7,Australia,1000 tonnes
2030,6.0,Australia,1000 tonnes
2031,6.24,Australia,1000 tonnes
2032,6.42,Australia,1000 tonnes
2033,6.56,Australia,1000 tonnes
2034,6.68,Australia,1000 tonnes
2024,2.34,Australia and New Zealand,1000 tonnes
2025,3.38,Australia and New Zealand,1000 tonnes
2026,4.19,Australia and New Zealand,1000 tonnes
2027,4.82,Australia and New Zealand,1000 tonnes
2028,5.32,Australia and New Zealand,1000 tonnes
2029,5.7,Australia and New Zealand,1000 tonnes
2030,6.0,Australia and New Zealand,1000 tonnes
2031,6.24,Australia and New Zealand,1000 tonnes
2032,6.42,Australia and New Zealand,1000 tonnes
2033,6.56,Australia and New Zealand,1000 tonnes
2034,6.68,Australia and New Zealand,1000 tonnes
2024,1.0,Azerbaijan,1000 tonnes
2025,1.0,Azerbaijan,1000 tonnes
2026,1.0,Azerbaijan,1000 tonnes
2027,1.0,Azerbaijan,1000 tonnes
2028,1.0,Azerbaijan,1000 tonnes
2029,1.0,Azerbaijan,1000 tonnes
2030,1.0,Azerbaijan,1000 tonnes
2031,1.0,Azerbaijan,1000 tonnes
2032,1.0,Azerbaijan,1000 tonnes
2033,1.0,Azerbaijan,1000 tonnes
2034,1.0,Azerbaijan,1000 tonnes
2024,2182.4,Bangladesh,1000 tonnes
2025,2183.6,Bangladesh,1000 tonnes
2026,2183.2,Bangladesh,1000 tonnes
2027,2183.33,Bangladesh,1000 tonnes
2028,2183.29,Bangladesh,1000 tonnes
2029,2183.3,Bangladesh,1000 tonnes
2030,2183.3,Bangladesh,1000 tonnes
2031,2183.3,Bangladesh,1000 tonnes
2032,2183.3,Bangladesh,1000 tonnes
2033,2183.3,Bangladesh,1000 tonnes
2034,2183.3,Bangladesh,1000 tonnes
2024,1.0,Belize,1000 tonnes
2025,1.0,Belize,1000 tonnes
2026,1.0,Belize,1000 tonnes
2027,1.0,Belize,1000 tonnes
2028,1.0,Belize,1000 tonnes
2029,1.0,Belize,1000 tonnes
2030,1.0,Belize,1000 tonnes
2031,1.0,Belize,1000 tonnes
2032,1.0,Belize,1000 tonnes
2033,1.0,Belize,1000 tonnes
2034,1.0,Belize,1000 tonnes
2024,102.58,Benin,1000 tonnes
2025,103.25,Benin,1000 tonnes
2026,102.93,Benin,1000 tonnes
2027,103.08,Benin,1000 tonnes
2028,103.01,Benin,1000 tonnes
2029,103.04,Benin,1000 tonnes
2030,103.03,Benin,1000 tonnes
2031,103.04,Benin,1000 tonnes
2032,103.03,Benin,1000 tonnes
2033,103.03,Benin,1000 tonnes
2034,103.03,Benin,1000 tonnes
2024,10.41,Bolivia (Plurinational State of),1000 tonnes
2025,10.4,Bolivia (Plurinational State of),1000 tonnes
2026,10.4,Bolivia (Plurinational State of),1000 tonnes
2027,10.4,Bolivia (Plurinational State of),1000 tonnes
2028,10.4,Bolivia (Plurinational State of),1000 tonnes
2029,10.4,Bolivia (Plurinational State of),1000 tonnes
2030,10.4,Bolivia (Plurinational State of),1000 tonnes
2031,10.4,Bolivia (Plurinational State of),1000 tonnes
2032,10.4,Bolivia (Plurinational State of),1000 tonnes
2033,10.4,Bolivia (Plurinational State of),1000 tonnes
2034,10.4,Bolivia (Plurinational State of),1000 tonnes
2024,1139.08,Brazil,1000 tonnes
2025,1136.41,Brazil,1000 tonnes
2026,1137.41,Brazil,1000 tonnes
2027,1137.04,Brazil,1000 tonnes
2028,1137.18,Brazil,1000 tonnes
2029,1137.12,Brazil,1000 tonnes
2030,1137.15,Brazil,1000 tonnes
2031,1137.14,Brazil,1000 tonnes
2032,1137.14,Brazil,1000 tonnes
2033,1137.14,Brazil,1000 tonnes
2034,1137.14,Brazil,1000 tonnes
2024,3.0,Bulgaria,1000 tonnes
2025,3.0,Bulgaria,1000 tonnes
2026,3.0,Bulgaria,1000 tonnes
2027,3.0,Bulgaria,1000 tonnes
2028,3.0,Bulgaria,1000 tonnes
2029,3.0,Bulgaria,1000 tonnes
2030,3.0,Bulgaria,1000 tonnes
2031,3.0,Bulgaria,1000 tonnes
2032,3.0,Bulgaria,1000 tonnes
2033,3.0,Bulgaria,1000 tonnes
2034,3.0,Bulgaria,1000 tonnes
2024,6.06,Burkina Faso,1000 tonnes
2025,8.0,Burkina Faso,1000 tonnes
2026,6.06,Burkina Faso,1000 tonnes
2027,8.0,Burkina Faso,1000 tonnes
2028,6.06,Burkina Faso,1000 tonnes
2029,8.0,Burkina Faso,1000 tonnes
2030,6.06,Burkina Faso,1000 tonnes
2031,8.0,Burkina Faso,1000 tonnes
2032,6.06,Burkina Faso,1000 tonnes
2033,8.0,Burkina Faso,1000 tonnes
2034,6.06,Burkina Faso,1000 tonnes
2024,6.48,Burundi,1000 tonnes
2025,6.39,Burundi,1000 tonnes
2026,6.41,Burundi,1000 tonnes
2027,6.41,Burundi,1000 tonnes
2028,6.41,Burundi,1000 tonnes
2029,6.41,Burundi,1000 tonnes
2030,6.41,Burundi,1000 tonnes
2031,6.41,Burundi,1000 tonnes
2032,6.41,Burundi,1000 tonnes
2033,6.41,Burundi,1000 tonnes
2034,6.41,Burundi,1000 tonnes
2024,566.44,Cambodia,1000 tonnes
2025,584.88,Cambodia,1000 tonnes
2026,603.32,Cambodia,1000 tonnes
2027,621.76,Cambodia,1000 tonnes
2028,640.2,Cambodia,1000 tonnes
2029,658.63,Cambodia,1000 tonnes
2030,677.07,Cambodia,1000 tonnes
2031,695.5,Cambodia,1000 tonnes
2032,713.93,Cambodia,1000 tonnes
2033,732.36,Cambodia,1000 tonnes
2034,750.79,Cambodia,1000 tonnes
2024,12.61,Cameroon,1000 tonnes
2025,12.6,Cameroon,1000 tonnes
2026,12.6,Cameroon,1000 tonnes
2027,12.6,Cameroon,1000 tonnes
2028,12.6,Cameroon,1000 tonnes
2029,12.6,Cameroon,1000 tonnes
2030,12.6,Cameroon,1000 tonnes
2031,12.6,Cameroon,1000 tonnes
2032,12.6,Cameroon,1000 tonnes
2033,12.6,Cameroon,1000 tonnes
2034,12.6,Cameroon,1000 tonnes
2024,51.4,Caribbean,1000 tonnes
2025,51.69,Caribbean,1000 tonnes
2026,51.72,Caribbean,1000 tonnes
2027,51.72,Caribbean,1000 tonnes
2028,51.72,Caribbean,1000 tonnes
2029,51.72,Caribbean,1000 tonnes
2030,51.72,Caribbean,1000 tonnes
2031,51.72,Caribbean,1000 tonnes
2032,51.72,Caribbean,1000 tonnes
2033,51.72,Caribbean,1000 tonnes
2034,51.72,Caribbean,1000 tonnes
2024,-0.0,Central African Republic,1000 tonnes
2025,-0.0,Central African Republic,1000 tonnes
2026,-0.0,Central African Republic,1000 tonnes
2027,-0.0,Central African Republic,1000 tonnes
2028,-0.0,Central African Republic,1000 tonnes
2029,-0.0,Central African Republic,1000 tonnes
2030,-0.0,Central African Republic,1000 tonnes
2031,-0.0,Central African Republic,1000 tonnes
2032,-0.0,Central African Republic,1000 tonnes
2033,-0.0,Central African Republic,1000 tonnes
2034,-0.0,Central African Republic,1000 tonnes
2024,62.13,Central America,1000 tonnes
2025,63.19,Central America,1000 tonnes
2026,63.06,Central America,1000 tonnes
2027,63.08,Central America,1000 tonnes
2028,63.08,Central America,1000 tonnes
2029,63.08,Central America,1000 tonnes
2030,63.08,Central America,1000 tonnes
2031,63.08,Central America,1000 tonnes
2032,63.08,Central America,1000 tonnes
2033,63.08,Central America,1000 tonnes
2034,63.08,Central America,1000 tonnes
2024,78.43,Central Asia,1000 tonnes
2025,78.23,Central Asia,1000 tonnes
2026,78.32,Central Asia,1000 tonnes
2027,78.28,Central Asia,1000 tonnes
2028,78.3,Central Asia,1000 tonnes
2029,78.29,Central Asia,1000 tonnes
2030,78.29,Central Asia,1000 tonnes
2031,78.29,Central Asia,1000 tonnes
2032,78.29,Central Asia,1000 tonnes
2033,78.29,Central Asia,1000 tonnes
2034,78.29,Central Asia,1000 tonnes
2024,34.16,Chad,1000 tonnes
2025,33.38,Chad,1000 tonnes
2026,33.05,Chad,1000 tonnes
2027,32.91,Chad,1000 tonnes
2028,32.85,Chad,1000 tonnes
2029,32.83,Chad,1000 tonnes
2030,32.81,Chad,1000 tonnes
2031,32.81,Chad,1000 tonnes
2032,32.81,Chad,1000 tonnes
2033,32.81,Chad,1000 tonnes
2034,32.81,Chad,1000 tonnes
2024,2.24,Chile,1000 tonnes
2025,2.42,Chile,1000 tonnes
2026,2.56,Chile,1000 tonnes
2027,2.66,Chile,1000 tonnes
2028,2.73,Chile,1000 tonnes
2029,2.79,Chile,1000 tonnes
2030,2.83,Chile,1000 tonnes
2031,2.86,Chile,1000 tonnes
2032,2.88,Chile,1000 tonnes
2033,2.89,Chile,1000 tonnes
2034,2.91,Chile,1000 tonnes
2024,8469.31,China,1000 tonnes
2025,8459.91,China,1000 tonnes
2026,8463.55,China,1000 tonnes
2027,8462.14,China,1000 tonnes
2028,8462.68,China,1000 tonnes
2029,8462.47,China,1000 tonnes
2030,8462.56,China,1000 tonnes
2031,8462.52,China,1000 tonnes
2032,8462.54,China,1000 tonnes
2033,8462.53,China,1000 tonnes
2034,8462.53,China,1000 tonnes
2024,16.5,"China, Taiwan Province of",1000 tonnes
2025,16.46,"China, Taiwan Province of",1000 tonnes
2026,16.46,"China, Taiwan Province of",1000 tonnes
2027,16.46,"China, Taiwan Province of",1000 tonnes
2028,16.46,"China, Taiwan Province of",1000 tonnes
2029,16.46,"China, Taiwan Province of",1000 tonnes
2030,16.46,"China, Taiwan Province of",1000 tonnes
2031,16.46,"China, Taiwan Province of",1000 tonnes
2032,16.46,"China, Taiwan Province of",1000 tonnes
2033,16.46,"China, Taiwan Province of",1000 tonnes
2034,16.46,"China, Taiwan Province of",1000 tonnes
2024,8451.95,"China, mainland",1000 tonnes
2025,8442.83,"China, mainland",1000 tonnes
2026,8446.46,"China, mainland",1000 tonnes
2027,8445.02,"China, mainland",1000 tonnes
2028,8445.59,"China, mainland",1000 tonnes
2029,8445.36,"China, mainland",1000 tonnes
2030,8445.45,"China, mainland",1000 tonnes
2031,8445.41,"China, mainland",1000 tonnes
2032,8445.43,"China, mainland",1000 tonnes
2033,8445.42,"China, mainland",1000 tonnes
2034,8445.43,"China, mainland",1000 tonnes
2024,37.2,Colombia,1000 tonnes
2025,36.69,Colombia,1000 tonnes
2026,36.9,Colombia,1000 tonnes
2027,36.81,Colombia,1000 tonnes
2028,36.85,Colombia,1000 tonnes
2029,36.84,Colombia,1000 tonnes
2030,36.84,Colombia,1000 tonnes
2031,36.84,Colombia,1000 tonnes
2032,36.84,Colombia,1000 tonnes
2033,36.84,Colombia,1000 tonnes
2034,36.84,Colombia,1000 tonnes
2024,1.0,Comoros,1000 tonnes
2025,1.0,Comoros,1000 tonnes
2026,1.0,Comoros,1000 tonnes
2027,1.0,Comoros,1000 tonnes
2028,1.0,Comoros,1000 tonnes
2029,1.0,Comoros,1000 tonnes
2030,1.0,Comoros,1000 tonnes
2031,1.0,Comoros,1000 tonnes
2032,1.0,Comoros,1000 tonnes
2033,1.0,Comoros,1000 tonnes
2034,1.0,Comoros,1000 tonnes
2024,0.09,Congo,1000 tonnes
2025,0.09,Congo,1000 tonnes
2026,0.09,Congo,1000 tonnes
2027,0.09,Congo,1000 tonnes
2028,0.09,Congo,1000 tonnes
2029,0.09,Congo,1000 tonnes
2030,0.09,Congo,1000 tonnes
2031,0.09,Congo,1000 tonnes
2032,0.09,Congo,1000 tonnes
2033,0.09,Congo,1000 tonnes
2034,0.09,Congo,1000 tonnes
2024,8.0,Costa Rica,1000 tonnes
2025,8.0,Costa Rica,1000 tonnes
2026,8.0,Costa Rica,1000 tonnes
2027,8.0,Costa Rica,1000 tonnes
2028,8.0,Costa Rica,1000 tonnes
2029,8.0,Costa Rica,1000 tonnes
2030,8.0,Costa Rica,1000 tonnes
2031,8.0,Costa Rica,1000 tonnes
2032,8.0,Costa Rica,1000 tonnes
2033,8.0,Costa Rica,1000 tonnes
2034,8.0,Costa Rica,1000 tonnes
2024,13.99,Cuba,1000 tonnes
2025,14.85,Cuba,1000 tonnes
2026,15.6,Cuba,1000 tonnes
2027,16.26,Cuba,1000 tonnes
2028,16.84,Cuba,1000 tonnes
2029,17.34,Cuba,1000 tonnes
2030,17.78,Cuba,1000 tonnes
2031,18.17,Cuba,1000 tonnes
2032,18.51,Cuba,1000 tonnes
2033,18.8,Cuba,1000 tonnes
2034,19.06,Cuba,1000 tonnes
2024,192.3,Côte d'Ivoire,1000 tonnes
2025,201.35,Côte d'Ivoire,1000 tonnes
2026,195.78,Côte d'Ivoire,1000 tonnes
2027,199.21,Côte d'Ivoire,1000 tonnes
2028,197.1,Côte d'Ivoire,1000 tonnes
2029,198.4,Côte d'Ivoire,1000 tonnes
2030,197.6,Côte d'Ivoire,1000 tonnes
2031,198.09,Côte d'Ivoire,1000 tonnes
2032,197.79,Côte d'Ivoire,1000 tonnes
2033,197.97,Côte d'Ivoire,1000 tonnes
2034,197.86,Côte d'Ivoire,1000 tonnes
2024,39.0,Democratic People's Republic of Korea,1000 tonnes
2025,38.94,Democratic People's Republic of Korea,1000 tonnes
2026,38.94,Democratic People's Republic of Korea,1000 tonnes
2027,38.94,Democratic People's Republic of Korea,1000 tonnes
2028,38.94,Democratic People's Republic of Korea,1000 tonnes
2029,38.94,Democratic People's Republic of Korea,1000 tonnes
2030,38.94,Democratic People's Republic of Korea,1000 tonnes
2031,38.94,Democratic People's Republic of Korea,1000 tonnes
2032,38.94,Democratic People's Republic of Korea,1000 tonnes
2033,38.94,Democratic People's Republic of Korea,1000 tonnes
2034,38.94,Democratic People's Republic of Korea,1000 tonnes
2024,96.48,Democratic Republic of the Congo,1000 tonnes
2025,96.61,Democratic Republic of the Congo,1000 tonnes
2026,96.58,Democratic Republic of the Congo,1000 tonnes
2027,96.59,Democratic Republic of the Congo,1000 tonnes
2028,96.59,Democratic Republic of the Congo,1000 tonnes
2029,96.59,Democratic Republic of the Congo,1000 tonnes
2030,96.59,Democratic Republic of the Congo,1000 tonnes
2031,96.59,Democratic Republic of the Congo,1000 tonnes
2032,96.59,Democratic Republic of the Congo,1000 tonnes
2033,96.59,Democratic Republic of the Congo,1000 tonnes
2034,96.59,Democratic Republic of the Congo,1000 tonnes
2024,28.4,Dominican Republic,1000 tonnes
2025,28.83,Dominican Republic,1000 tonnes
2026,28.52,Dominican Republic,1000 tonnes
2027,28.75,Dominican Republic,1000 tonnes
2028,28.59,Dominican Republic,1000 tonnes
2029,28.7,Dominican Republic,1000 tonnes
2030,28.62,Dominican Republic,1000 tonnes
2031,28.68,Dominican Republic,1000 tonnes
2032,28.63,Dominican Republic,1000 tonnes
2033,28.67,Dominican Republic,1000 tonnes
2034,28.64,Dominican Republic,1000 tonnes
2024,515.78,Eastern Africa,1000 tonnes
2025,536.74,Eastern Africa,1000 tonnes
2026,516.96,Eastern Africa,1000 tonnes
2027,535.63,Eastern Africa,1000 tonnes
2028,518.02,Eastern Africa,1000 tonnes
2029,534.63,Eastern Africa,1000 tonnes
2030,518.95,Eastern Africa,1000 tonnes
2031,533.75,Eastern Africa,1000 tonnes
2032,519.79,Eastern Africa,1000 tonnes
2033,532.96,Eastern Africa,1000 tonnes
2034,520.53,Eastern Africa,1000 tonnes
2024,8799.63,Eastern Asia,1000 tonnes
2025,8811.77,Eastern Asia,1000 tonnes
2026,8804.16,Eastern Asia,1000 tonnes
2027,8808.94,Eastern Asia,1000 tonnes
2028,8805.94,Eastern Asia,1000 tonnes
2029,8807.82,Eastern Asia,1000 tonnes
2030,8806.64,Eastern Asia,1000 tonnes
2031,8807.38,Eastern Asia,1000 tonnes
2032,8806.92,Eastern Asia,1000 tonnes
2033,8807.21,Eastern Asia,1000 tonnes
2034,8807.03,Eastern Asia,1000 tonnes
2024,28.44,Eastern Europe,1000 tonnes
2025,28.27,Eastern Europe,1000 tonnes
2026,28.34,Eastern Europe,1000 tonnes
2027,28.31,Eastern Europe,1000 tonnes
2028,28.32,Eastern Europe,1000 tonnes
2029,28.32,Eastern Europe,1000 tonnes
2030,28.32,Eastern Europe,1000 tonnes
2031,28.32,Eastern Europe,1000 tonnes
2032,28.32,Eastern Europe,1000 tonnes
2033,28.32,Eastern Europe,1000 tonnes
2034,28.32,Eastern Europe,1000 tonnes
2024,53.46,Ecuador,1000 tonnes
2025,54.9,Ecuador,1000 tonnes
2026,54.45,Ecuador,1000 tonnes
2027,54.59,Ecuador,1000 tonnes
2028,54.54,Ecuador,1000 tonnes
2029,54.56,Ecuador,1000 tonnes
2030,54.55,Ecuador,1000 tonnes
2031,54.55,Ecuador,1000 tonnes
2032,54.55,Ecuador,1000 tonnes
2033,54.55,Ecuador,1000 tonnes
2034,54.55,Ecuador,1000 tonnes
2024,225.37,Egypt,1000 tonnes
2025,186.12,Egypt,1000 tonnes
2026,222.48,Egypt,1000 tonnes
2027,188.81,Egypt,1000 tonnes
2028,219.99,Egypt,1000 tonnes
2029,191.11,Egypt,1000 tonnes
2030,217.86,Egypt,1000 tonnes
2031,193.08,Egypt,1000 tonnes
2032,216.03,Egypt,1000 tonnes
2033,194.77,Egypt,1000 tonnes
2034,214.47,Egypt,1000 tonnes
2024,1.0,El Salvador,1000 tonnes
2025,1.0,El Salvador,1000 tonnes
2026,1.0,El Salvador,1000 tonnes
2027,1.0,El Salvador,1000 tonnes
2028,1.0,El Salvador,1000 tonnes
2029,1.0,El Salvador,1000 tonnes
2030,1.0,El Salvador,1000 tonnes
2031,1.0,El Salvador,1000 tonnes
2032,1.0,El Salvador,1000 tonnes
2033,1.0,El Salvador,1000 tonnes
2034,1.0,El Salvador,1000 tonnes
2024,0.0,Eswatini,1000 tonnes
2025,0.0,Eswatini,1000 tonnes
2026,0.0,Eswatini,1000 tonnes
2027,0.0,Eswatini,1000 tonnes
2028,0.0,Eswatini,1000 tonnes
2029,0.0,Eswatini,1000 tonnes
2030,0.0,Eswatini,1000 tonnes
2031,0.0,Eswatini,1000 tonnes
2032,0.0,Eswatini,1000 tonnes
2033,0.0,Eswatini,1000 tonnes
2034,0.0,Eswatini,1000 tonnes
2024,8.24,Ethiopia,1000 tonnes
2025,8.07,Ethiopia,1000 tonnes
2026,8.19,Ethiopia,1000 tonnes
2027,8.1,Ethiopia,1000 tonnes
2028,8.17,Ethiopia,1000 tonnes
2029,8.12,Ethiopia,1000 tonnes
2030,8.15,Ethiopia,1000 tonnes
2031,8.13,Ethiopia,1000 tonnes
2032,8.15,Ethiopia,1000 tonnes
2033,8.13,Ethiopia,1000 tonnes
2034,8.14,Ethiopia,1000 tonnes
2024,103.98,Europe,1000 tonnes
2025,103.98,Europe,1000 tonnes
2026,103.98,Europe,1000 tonnes
2027,103.98,Europe,1000 tonnes
2028,103.98,Europe,1000 tonnes
2029,103.98,Europe,1000 tonnes
2030,103.98,Europe,1000 tonnes
2031,103.98,Europe,1000 tonnes
2032,103.98,Europe,1000 tonnes
2033,103.98,Europe,1000 tonnes
2034,103.98,Europe,1000 tonnes
2024,80.96,European Union (27),1000 tonnes
2025,80.96,European Union (27),1000 tonnes
2026,80.95,European Union (27),1000 tonnes
2027,80.95,European Union (27),1000 tonnes
2028,80.95,European Union (27),1000 tonnes
2029,80.95,European Union (27),1000 tonnes
2030,80.95,European Union (27),1000 tonnes
2031,80.95,European Union (27),1000 tonnes
2032,80.95,European Union (27),1000 tonnes
2033,80.95,European Union (27),1000 tonnes
2034,80.95,European Union (27),1000 tonnes
2024,0.91,Fiji,1000 tonnes
2025,0.91,Fiji,1000 tonnes
2026,0.91,Fiji,1000 tonnes
2027,0.91,Fiji,1000 tonnes
2028,0.91,Fiji,1000 tonnes
2029,0.91,Fiji,1000 tonnes
2030,0.91,Fiji,1000 tonnes
2031,0.91,Fiji,1000 tonnes
2032,0.91,Fiji,1000 tonnes
2033,0.91,Fiji,1000 tonnes
2034,0.91,Fiji,1000 tonnes
2024,1.41,France,1000 tonnes
2025,1.39,France,1000 tonnes
2026,1.39,France,1000 tonnes
2027,1.39,France,1000 tonnes
2028,1.39,France,1000 tonnes
2029,1.39,France,1000 tonnes
2030,1.39,France,1000 tonnes
2031,1.39,France,1000 tonnes
2032,1.39,France,1000 tonnes
2033,1.39,France,1000 tonnes
2034,1.39,France,1000 tonnes
2024,0.0,Gabon,1000 tonnes
2025,0.0,Gabon,1000 tonnes
2026,0.0,Gabon,1000 tonnes
2027,0.0,Gabon,1000 tonnes
2028,0.0,Gabon,1000 tonnes
2029,0.0,Gabon,1000 tonnes
2030,0.0,Gabon,1000 tonnes
2031,0.0,Gabon,1000 tonnes
2032,0.0,Gabon,1000 tonnes
2033,0.0,Gabon,1000 tonnes
2034,0.0,Gabon,1000 tonnes
2024,1.17,Gambia,1000 tonnes
2025,1.08,Gambia,1000 tonnes
2026,1.13,Gambia,1000 tonnes
2027,1.1,Gambia,1000 tonnes
2028,1.12,Gambia,1000 tonnes
2029,1.11,Gambia,1000 tonnes
2030,1.11,Gambia,1000 tonnes
2031,1.11,Gambia,1000 tonnes
2032,1.11,Gambia,1000 tonnes
2033,1.11,Gambia,1000 tonnes
2034,1.11,Gambia,1000 tonnes
2024,154.72,Ghana,1000 tonnes
2025,162.85,Ghana,1000 tonnes
2026,170.43,Ghana,1000 tonnes
2027,177.5,Ghana,1000 tonnes
2028,184.1,Ghana,1000 tonnes
2029,190.25,Ghana,1000 tonnes
2030,195.98,Ghana,1000 tonnes
2031,201.34,Ghana,1000 tonnes
2032,206.33,Ghana,1000 tonnes
2033,210.98,Ghana,1000 tonnes
2034,215.32,Ghana,1000 tonnes
2024,12.51,Greece,1000 tonnes
2025,12.75,Greece,1000 tonnes
2026,12.79,Greece,1000 tonnes
2027,12.8,Greece,1000 tonnes
2028,12.8,Greece,1000 tonnes
2029,12.8,Greece,1000 tonnes
2030,12.8,Greece,1000 tonnes
2031,12.8,Greece,1000 tonnes
2032,12.8,Greece,1000 tonnes
2033,12.8,Greece,1000 tonnes
2034,12.8,Greece,1000 tonnes
2024,1.0,Guatemala,1000 tonnes
2025,1.0,Guatemala,1000 tonnes
2026,1.0,Guatemala,1000 tonnes
2027,1.0,Guatemala,1000 tonnes
2028,1.0,Guatemala,1000 tonnes
2029,1.0,Guatemala,1000 tonnes
2030,1.0,Guatemala,1000 tonnes
2031,1.0,Guatemala,1000 tonnes
2032,1.0,Guatemala,1000 tonnes
2033,1.0,Guatemala,1000 tonnes
2034,1.0,Guatemala,1000 tonnes
2024,637.56,Guinea,1000 tonnes
2025,687.16,Guinea,1000 tonnes
2026,732.27,Guinea,1000 tonnes
2027,773.27,Guinea,1000 tonnes
2028,810.56,Guinea,1000 tonnes
2029,844.46,Guinea,1000 tonnes
2030,875.28,Guinea,1000 tonnes
2031,903.31,Guinea,1000 tonnes
2032,928.79,Guinea,1000 tonnes
2033,951.96,Guinea,1000 tonnes
2034,973.03,Guinea,1000 tonnes
2024,7.14,Guinea-Bissau,1000 tonnes
2025,7.27,Guinea-Bissau,1000 tonnes
2026,7.25,Guinea-Bissau,1000 tonnes
2027,7.25,Guinea-Bissau,1000 tonnes
2028,7.25,Guinea-Bissau,1000 tonnes
2029,7.25,Guinea-Bissau,1000 tonnes
2030,7.25,Guinea-Bissau,1000 tonnes
2031,7.25,Guinea-Bissau,1000 tonnes
2032,7.25,Guinea-Bissau,1000 tonnes
2033,7.25,Guinea-Bissau,1000 tonnes
2034,7.25,Guinea-Bissau,1000 tonnes
2024,26.96,Guyana,1000 tonnes
2025,26.96,Guyana,1000 tonnes
2026,26.96,Guyana,1000 tonnes
2027,26.96,Guyana,1000 tonnes
2028,26.96,Guyana,1000 tonnes
2029,26.96,Guyana,1000 tonnes
2030,26.96,Guyana,1000 tonnes
2031,26.96,Guyana,1000 tonnes
2032,26.96,Guyana,1000 tonnes
2033,26.96,Guyana,1000 tonnes
2034,26.96,Guyana,1000 tonnes
2024,6.49,Haiti,1000 tonnes
2025,6.39,Haiti,1000 tonnes
2026,6.37,Haiti,1000 tonnes
2027,6.37,Haiti,1000 tonnes
2028,6.37,Haiti,1000 tonnes
2029,6.37,Haiti,1000 tonnes
2030,6.37,Haiti,1000 tonnes
2031,6.37,Haiti,1000 tonnes
2032,6.37,Haiti,1000 tonnes
2033,6.37,Haiti,1000 tonnes
2034,6.37,Haiti,1000 tonnes
2024,3.0,Honduras,1000 tonnes
2025,3.0,Honduras,1000 tonnes
2026,3.0,Honduras,1000 tonnes
2027,3.0,Honduras,1000 tonnes
2028,3.0,Honduras,1000 tonnes
2029,3.0,Honduras,1000 tonnes
2030,3.0,Honduras,1000 tonnes
2031,3.0,Honduras,1000 tonnes
2032,3.0,Honduras,1000 tonnes
2033,3.0,Honduras,1000 tonnes
2034,3.0,Honduras,1000 tonnes
2024,0.0,Hungary,1000 tonnes
2025,0.0,Hungary,1000 tonnes
2026,0.0,Hungary,1000 tonnes
2027,0.0,Hungary,1000 tonnes
2028,0.0,Hungary,1000 tonnes
2029,0.0,Hungary,1000 tonnes
2030,0.0,Hungary,1000 tonnes
2031,0.0,Hungary,1000 tonnes
2032,0.0,Hungary,1000 tonnes
2033,0.0,Hungary,1000 tonnes
2034,0.0,Hungary,1000 tonnes
2024,4796.99,India,1000 tonnes
2025,4797.0,India,1000 tonnes
2026,4796.99,India,1000 tonnes
2027,4797.0,India,1000 tonnes
2028,4796.99,India,1000 tonnes
2029,4797.0,India,1000 tonnes
2030,4796.99,India,1000 tonnes
2031,4797.0,India,1000 tonnes
2032,4796.99,India,1000 tonnes
2033,4797.0,India,1000 tonnes
2034,4796.99,India,1000 tonnes
2024,2730.34,Indonesia,1000 tonnes
2025,2732.66,Indonesia,1000 tonnes
2026,2732.98,Indonesia,1000 tonnes
2027,2733.03,Indonesia,1000 tonnes
2028,2733.04,Indonesia,1000 tonnes
2029,2733.04,Indonesia,1000 tonnes
2030,2733.04,Indonesia,1000 tonnes
2031,2733.04,Indonesia,1000 tonnes
2032,2733.04,Indonesia,1000 tonnes
2033,2733.04,Indonesia,1000 tonnes
2034,2733.04,Indonesia,1000 tonnes
2024,84.79,Iran (Islamic Republic of),1000 tonnes
2025,84.87,Iran (Islamic Republic of),1000 tonnes
2026,84.87,Iran (Islamic Republic of),1000 tonnes
2027,84.87,Iran (Islamic Republic of),1000 tonnes
2028,84.87,Iran (Islamic Republic of),1000 tonnes
2029,84.87,Iran (Islamic Republic of),1000 tonnes
2030,84.87,Iran (Islamic Republic of),1000 tonnes
2031,84.87,Iran (Islamic Republic of),1000 tonnes
2032,84.87,Iran (Islamic Republic of),1000 tonnes
2033,84.87,Iran (Islamic Republic of),1000 tonnes
2034,84.87,Iran (Islamic Republic of),1000 tonnes
2024,13.34,Iraq,1000 tonnes
2025,12.11,Iraq,1000 tonnes
2026,11.84,Iraq,1000 tonnes
2027,11.78,Iraq,1000 tonnes
2028,11.77,Iraq,1000 tonnes
2029,11.77,Iraq,1000 tonnes
2030,11.76,Iraq,1000 tonnes
2031,11.76,Iraq,1000 tonnes
2032,11.76,Iraq,1000 tonnes
2033,11.76,Iraq,1000 tonnes
2034,11.76,Iraq,1000 tonnes
2024,32.89,Italy,1000 tonnes
2025,32.86,Italy,1000 tonnes
2026,32.85,Italy,1000 tonnes
2027,32.84,Italy,1000 tonnes
2028,32.84,Italy,1000 tonnes
2029,32.84,Italy,1000 tonnes
2030,32.84,Italy,1000 tonnes
2031,32.84,Italy,1000 tonnes
2032,32.84,Italy,1000 tonnes
2033,32.84,Italy,1000 tonnes
2034,32.84,Italy,1000 tonnes
2024,155.5,Japan,1000 tonnes
2025,145.0,Japan,1000 tonnes
2026,154.58,Japan,1000 tonnes
2027,145.84,Japan,1000 tonnes
2028,153.82,Japan,1000 tonnes
2029,146.54,Japan,1000 tonnes
2030,153.18,Japan,1000 tonnes
2031,147.12,Japan,1000 tonnes
2032,152.65,Japan,1000 tonnes
2033,147.6,Japan,1000 tonnes
2034,152.21,Japan,1000 tonnes
2024,55.17,Kazakhstan,1000 tonnes
2025,56.16,Kazakhstan,1000 tonnes
2026,57.02,Kazakhstan,1000 tonnes
2027,57.75,Kazakhstan,1000 tonnes
2028,58.38,Kazakhstan,1000 tonnes
2029,58.92,Kazakhstan,1000 tonnes
2030,59.38,Kazakhstan,1000 tonnes
2031,59.78,Kazakhstan,1000 tonnes
2032,60.12,Kazakhstan,1000 tonnes
2033,60.41,Kazakhstan,1000 tonnes
2034,60.66,Kazakhstan,1000 tonnes
2024,3.15,Kenya,1000 tonnes
2025,3.44,Kenya,1000 tonnes
2026,3.34,Kenya,1000 tonnes
2027,3.38,Kenya,1000 tonnes
2028,3.36,Kenya,1000 tonnes
2029,3.37,Kenya,1000 tonnes
2030,3.37,Kenya,1000 tonnes
2031,3.37,Kenya,1000 tonnes
2032,3.37,Kenya,1000 tonnes
2033,3.37,Kenya,1000 tonnes
2034,3.37,Kenya,1000 tonnes
2024,2.0,Kyrgyzstan,1000 tonnes
2025,2.0,Kyrgyzstan,1000 tonnes
2026,2.0,Kyrgyzstan,1000 tonnes
2027,2.0,Kyrgyzstan,1000 tonnes
2028,2.0,Kyrgyzstan,1000 tonnes
2029,2.0,Kyrgyzstan,1000 tonnes
2030,2.0,Kyrgyzstan,1000 tonnes
2031,2.0,Kyrgyzstan,1000 tonnes
2032,2.0,Kyrgyzstan,1000 tonnes
2033,2.0,Kyrgyzstan,1000 tonnes
2034,2.0,Kyrgyzstan,1000 tonnes
2024,1228.32,Land Locked Developing Countries,1000 tonnes
2025,1260.64,Land Locked Developing Countries,1000 tonnes
2026,1292.95,Land Locked Developing Countries,1000 tonnes
2027,1325.27,Land Locked Developing Countries,1000 tonnes
2028,1357.59,Land Locked Developing Countries,1000 tonnes
2029,1389.9,Land Locked Developing Countries,1000 tonnes
2030,1422.22,Land Locked Developing Countries,1000 tonnes
2031,1454.54,Land Locked Developing Countries,1000 tonnes
2032,1486.85,Land Locked Developing Countries,1000 tonnes
2033,1519.16,Land Locked Developing Countries,1000 tonnes
2034,1551.48,Land Locked Developing Countries,1000 tonnes
2024,146.88,Lao People's Democratic Republic,1000 tonnes
2025,146.95,Lao People's Democratic Republic,1000 tonnes
2026,146.91,Lao People's Democratic Republic,1000 tonnes
2027,146.93,Lao People's Democratic Republic,1000 tonnes
2028,146.92,Lao People's Democratic Republic,1000 tonnes
2029,146.93,Lao People's Democratic Republic,1000 tonnes
2030,146.92,Lao People's Democratic Republic,1000 tonnes
2031,146.92,Lao People's Democratic Republic,1000 tonnes
2032,146.92,Lao People's Democratic Republic,1000 tonnes
2033,146.92,Lao People's Democratic Republic,1000 tonnes
2034,146.92,Lao People's Democratic Republic,1000 tonnes
2024,6382.74,Least Developed Countries,1000 tonnes
2025,6432.95,Least Developed Countries,1000 tonnes
2026,6482.64,Least Developed Countries,1000 tonnes
2027,6531.82,Least Developed Countries,1000 tonnes
2028,6580.48,Least Developed Countries,1000 tonnes
2029,6628.64,Least Developed Countries,1000 tonnes
2030,6676.3,Least Developed Countries,1000 tonnes
2031,6723.46,Least Developed Countries,1000 tonnes
2032,6770.13,Least Developed Countries,1000 tonnes
2033,6816.32,Least Developed Countries,1000 tonnes
2034,6862.03,Least Developed Countries,1000 tonnes
2024,27.17,Liberia,1000 tonnes
2025,27.34,Liberia,1000 tonnes
2026,27.36,Liberia,1000 tonnes
2027,27.37,Liberia,1000 tonnes
2028,27.37,Liberia,1000 tonnes
2029,27.37,Liberia,1000 tonnes
2030,27.37,Liberia,1000 tonnes
2031,27.37,Liberia,1000 tonnes
2032,27.37,Liberia,1000 tonnes
2033,27.37,Liberia,1000 tonnes
2034,27.37,Liberia,1000 tonnes
2024,13562.48,Low Income Food Deficit Countries,1000 tonnes
2025,13607.02,Low Income Food Deficit Countries,1000 tonnes
2026,13580.04,Low Income Food Deficit Countries,1000 tonnes
2027,13596.38,Low Income Food Deficit Countries,1000 tonnes
2028,13586.48,Low Income Food Deficit Countries,1000 tonnes
2029,13592.48,Low Income Food Deficit Countries,1000 tonnes
2030,13588.85,Low Income Food Deficit Countries,1000 tonnes
2031,13591.05,Low Income Food Deficit Countries,1000 tonnes
2032,13589.71,Low Income Food Deficit Countries,1000 tonnes
2033,13590.52,Low Income Food Deficit Countries,1000 tonnes
2034,13590.03,Low Income Food Deficit Countries,1000 tonnes
2024,416.1,Madagascar,1000 tonnes
2025,422.08,Madagascar,1000 tonnes
2026,416.9,Madagascar,1000 tonnes
2027,421.39,Madagascar,1000 tonnes
2028,417.5,Madagascar,1000 tonnes
2029,420.87,Madagascar,1000 tonnes
2030,417.95,Madagascar,1000 tonnes
2031,420.48,Madagascar,1000 tonnes
2032,418.29,Madagascar,1000 tonnes
2033,420.18,Madagascar,1000 tonnes
2034,418.54,Madagascar,1000 tonnes
2024,4.98,Malawi,1000 tonnes
2025,4.73,Malawi,1000 tonnes
2026,4.67,Malawi,1000 tonnes
2027,4.66,Malawi,1000 tonnes
2028,4.66,Malawi,1000 tonnes
2029,4.66,Malawi,1000 tonnes
2030,4.66,Malawi,1000 tonnes
2031,4.66,Malawi,1000 tonnes
2032,4.66,Malawi,1000 tonnes
2033,4.66,Malawi,1000 tonnes
2034,4.66,Malawi,1000 tonnes
2024,101.9,Malaysia,1000 tonnes
2025,101.82,Malaysia,1000 tonnes
2026,101.83,Malaysia,1000 tonnes
2027,101.83,Malaysia,1000 tonnes
2028,101.83,Malaysia,1000 tonnes
2029,101.83,Malaysia,1000 tonnes
2030,101.83,Malaysia,1000 tonnes
2031,101.83,Malaysia,1000 tonnes
2032,101.83,Malaysia,1000 tonnes
2033,101.83,Malaysia,1000 tonnes
2034,101.83,Malaysia,1000 tonnes
2024,261.21,Mali,1000 tonnes
2025,271.32,Mali,1000 tonnes
2026,281.34,Mali,1000 tonnes
2027,291.27,Mali,1000 tonnes
2028,301.1,Mali,1000 tonnes
2029,310.84,Mali,1000 tonnes
2030,320.49,Mali,1000 tonnes
2031,330.05,Mali,1000 tonnes
2032,339.52,Mali,1000 tonnes
2033,348.9,Mali,1000 tonnes
2034,358.19,Mali,1000 tonnes
2024,11.1,Mauritania,1000 tonnes
2025,11.07,Mauritania,1000 tonnes
2026,11.08,Mauritania,1000 tonnes
2027,11.07,Mauritania,1000 tonnes
2028,11.07,Mauritania,1000 tonnes
2029,11.07,Mauritania,1000 tonnes
2030,11.07,Mauritania,1000 tonnes
2031,11.07,Mauritania,1000 tonnes
2032,11.07,Mauritania,1000 tonnes
2033,11.07,Mauritania,1000 tonnes
2034,11.07,Mauritania,1000 tonnes
2024,0.0,Mauritius,1000 tonnes
2025,0.0,Mauritius,1000 tonnes
2026,0.0,Mauritius,1000 tonnes
2027,0.0,Mauritius,1000 tonnes
2028,0.0,Mauritius,1000 tonnes
2029,0.0,Mauritius,1000 tonnes
2030,0.0,Mauritius,1000 tonnes
2031,0.0,Mauritius,1000 tonnes
2032,0.0,Mauritius,1000 tonnes
2033,0.0,Mauritius,1000 tonnes
2034,0.0,Mauritius,1000 tonnes
2024,1.09,Melanesia,1000 tonnes
2025,1.02,Melanesia,1000 tonnes
2026,1.07,Melanesia,1000 tonnes
2027,1.03,Melanesia,1000 tonnes
2028,1.06,Melanesia,1000 tonnes
2029,1.04,Melanesia,1000 tonnes
2030,1.06,Melanesia,1000 tonnes
2031,1.05,Melanesia,1000 tonnes
2032,1.05,Melanesia,1000 tonnes
2033,1.05,Melanesia,1000 tonnes
2034,1.05,Melanesia,1000 tonnes
2024,33.89,Mexico,1000 tonnes
2025,34.68,Mexico,1000 tonnes
2026,34.56,Mexico,1000 tonnes
2027,34.58,Mexico,1000 tonnes
2028,34.58,Mexico,1000 tonnes
2029,34.58,Mexico,1000 tonnes
2030,34.58,Mexico,1000 tonnes
2031,34.58,Mexico,1000 tonnes
2032,34.58,Mexico,1000 tonnes
2033,34.58,Mexico,1000 tonnes
2034,34.58,Mexico,1000 tonnes
2024,143.53,Middle Africa,1000 tonnes
2025,145.04,Middle Africa,1000 tonnes
2026,144.12,Middle Africa,1000 tonnes
2027,144.68,Middle Africa,1000 tonnes
2028,144.33,Middle Africa,1000 tonnes
2029,144.54,Middle Africa,1000 tonnes
2030,144.42,Middle Africa,1000 tonnes
2031,144.49,Middle Africa,1000 tonnes
2032,144.45,Middle Africa,1000 tonnes
2033,144.48,Middle Africa,1000 tonnes
2034,144.46,Middle Africa,1000 tonnes
2024,2.19,Morocco,1000 tonnes
2025,2.12,Morocco,1000 tonnes
2026,2.15,Morocco,1000 tonnes
2027,2.14,Morocco,1000 tonnes
2028,2.14,Morocco,1000 tonnes
2029,2.14,Morocco,1000 tonnes
2030,2.14,Morocco,1000 tonnes
2031,2.14,Morocco,1000 tonnes
2032,2.14,Morocco,1000 tonnes
2033,2.14,Morocco,1000 tonnes
2034,2.14,Morocco,1000 tonnes
2024,7.17,Mozambique,1000 tonnes
2025,7.49,Mozambique,1000 tonnes
2026,7.54,Mozambique,1000 tonnes
2027,7.54,Mozambique,1000 tonnes
2028,7.54,Mozambique,1000 tonnes
2029,7.54,Mozambique,1000 tonnes
2030,7.54,Mozambique,1000 tonnes
2031,7.54,Mozambique,1000 tonnes
2032,7.54,Mozambique,1000 tonnes
2033,7.54,Mozambique,1000 tonnes
2034,7.54,Mozambique,1000 tonnes
2024,970.3,Myanmar,1000 tonnes
2025,963.03,Myanmar,1000 tonnes
2026,961.25,Myanmar,1000 tonnes
2027,960.81,Myanmar,1000 tonnes
2028,960.71,Myanmar,1000 tonnes
2029,960.68,Myanmar,1000 tonnes
2030,960.68,Myanmar,1000 tonnes
2031,960.67,Myanmar,1000 tonnes
2032,960.67,Myanmar,1000 tonnes
2033,960.67,Myanmar,1000 tonnes
2034,960.67,Myanmar,1000 tonnes
2024,534.01,Nepal,1000 tonnes
2025,535.23,Nepal,1000 tonnes
2026,534.93,Nepal,1000 tonnes
2027,535.01,Nepal,1000 tonnes
2028,534.99,Nepal,1000 tonnes
2029,534.99,Nepal,1000 tonnes
2030,534.99,Nepal,1000 tonnes
2031,534.99,Nepal,1000 tonnes
2032,534.99,Nepal,1000 tonnes
2033,534.99,Nepal,1000 tonnes
2034,534.99,Nepal,1000 tonnes
2024,7453.81,Net Food Importing Developing Countries,1000 tonnes
2025,7452.93,Net Food Importing Developing Countries,1000 tonnes
2026,7452.97,Net Food Importing Developing Countries,1000 tonnes
2027,7452.97,Net Food Importing Developing Countries,1000 tonnes
2028,7452.97,Net Food Importing Developing Countries,1000 tonnes
2029,7452.97,Net Food Importing Developing Countries,1000 tonnes
2030,7452.97,Net Food Importing Developing Countries,1000 tonnes
2031,7452.97,Net Food Importing Developing Countries,1000 tonnes
2032,7452.97,Net Food Importing Developing Countries,1000 tonnes
2033,7452.97,Net Food Importing Developing Countries,1000 tonnes
2034,7452.97,Net Food Importing Developing Countries,1000 tonnes
2024,7.67,Nicaragua,1000 tonnes
2025,7.56,Nicaragua,1000 tonnes
2026,7.52,Nicaragua,1000 tonnes
2027,7.51,Nicaragua,1000 tonnes
2028,7.5,Nicaragua,1000 tonnes
2029,7.5,Nicaragua,1000 tonnes
2030,7.5,Nicaragua,1000 tonnes
2031,7.5,Nicaragua,1000 tonnes
2032,7.5,Nicaragua,1000 tonnes
2033,7.5,Nicaragua,1000 tonnes
2034,7.5,Nicaragua,1000 tonnes
2024,7.78,Niger,1000 tonnes
2025,7.75,Niger,1000 tonnes
2026,7.75,Niger,1000 tonnes
2027,7.75,Niger,1000 tonnes
2028,7.75,Niger,1000 tonnes
2029,7.75,Niger,1000 tonnes
2030,7.75,Niger,1000 tonnes
2031,7.75,Niger,1000 tonnes
2032,7.75,Niger,1000 tonnes
2033,7.75,Niger,1000 tonnes
2034,7.75,Niger,1000 tonnes
2024,323.16,Nigeria,1000 tonnes
2025,324.74,Nigeria,1000 tonnes
2026,323.38,Nigeria,1000 tonnes
2027,324.54,Nigeria,1000 tonnes
2028,323.55,Nigeria,1000 tonnes
2029,324.4,Nigeria,1000 tonnes
2030,323.67,Nigeria,1000 tonnes
2031,324.3,Nigeria,1000 tonnes
2032,323.76,Nigeria,1000 tonnes
2033,324.22,Nigeria,1000 tonnes
2034,323.83,Nigeria,1000 tonnes
2024,0.07,North Macedonia,1000 tonnes
2025,0.05,North Macedonia,1000 tonnes
2026,0.06,North Macedonia,1000 tonnes
2027,0.06,North Macedonia,1000 tonnes
2028,0.06,North Macedonia,1000 tonnes
2029,0.06,North Macedonia,1000 tonnes
2030,0.06,North Macedonia,1000 tonnes
2031,0.06,North Macedonia,1000 tonnes
2032,0.06,North Macedonia,1000 tonnes
2033,0.06,North Macedonia,1000 tonnes
2034,0.06,North Macedonia,1000 tonnes
2024,228.04,Northern Africa,1000 tonnes
2025,189.19,Northern Africa,1000 tonnes
2026,225.09,Northern Africa,1000 tonnes
2027,191.92,Northern Africa,1000 tonnes
2028,222.57,Northern Africa,1000 tonnes
2029,194.25,Northern Africa,1000 tonnes
2030,220.42,Northern Africa,1000 tonnes
2031,196.24,Northern Africa,1000 tonnes
2032,218.58,Northern Africa,1000 tonnes
2033,197.93,Northern Africa,1000 tonnes
2034,217.01,Northern Africa,1000 tonnes
2024,331.85,Northern America,1000 tonnes
2025,411.0,Northern America,1000 tonnes
2026,331.85,Northern America,1000 tonnes
2027,411.0,Northern America,1000 tonnes
2028,331.85,Northern America,1000 tonnes
2029,411.0,Northern America,1000 tonnes
2030,331.86,Northern America,1000 tonnes
2031,411.0,Northern America,1000 tonnes
2032,331.86,Northern America,1000 tonnes
2033,411.0,Northern America,1000 tonnes
2034,331.86,Northern America,1000 tonnes
2024,3.46,Oceania,1000 tonnes
2025,4.58,Oceania,1000 tonnes
2026,5.44,Oceania,1000 tonnes
2027,6.1,Oceania,1000 tonnes
2028,6.6,Oceania,1000 tonnes
2029,6.99,Oceania,1000 tonnes
2030,7.29,Oceania,1000 tonnes
2031,7.51,Oceania,1000 tonnes
2032,7.69,Oceania,1000 tonnes
2033,7.82,Oceania,1000 tonnes
2034,7.92,Oceania,1000 tonnes
2024,324.69,Pakistan,1000 tonnes
2025,327.36,Pakistan,1000 tonnes
2026,326.67,Pakistan,1000 tonnes
2027,326.84,Pakistan,1000 tonnes
2028,326.8,Pakistan,1000 tonnes
2029,326.81,Pakistan,1000 tonnes
2030,326.81,Pakistan,1000 tonnes
2031,326.81,Pakistan,1000 tonnes
2032,326.81,Pakistan,1000 tonnes
2033,326.81,Pakistan,1000 tonnes
2034,326.81,Pakistan,1000 tonnes
2024,9.43,Panama,1000 tonnes
2025,9.87,Panama,1000 tonnes
2026,9.53,Panama,1000 tonnes
2027,9.8,Panama,1000 tonnes
2028,9.59,Panama,1000 tonnes
2029,9.75,Panama,1000 tonnes
2030,9.63,Panama,1000 tonnes
2031,9.72,Panama,1000 tonnes
2032,9.65,Panama,1000 tonnes
2033,9.71,Panama,1000 tonnes
2034,9.66,Panama,1000 tonnes
2024,0.0,Papua New Guinea,1000 tonnes
2025,0.0,Papua New Guinea,1000 tonnes
2026,0.0,Papua New Guinea,1000 tonnes
2027,0.0,Papua New Guinea,1000 tonnes
2028,0.0,Papua New Guinea,1000 tonnes
2029,0.0,Papua New Guinea,1000 tonnes
2030,0.0,Papua New Guinea,1000 tonnes
2031,0.0,Papua New Guinea,1000 tonnes
2032,0.0,Papua New Guinea,1000 tonnes
2033,0.0,Papua New Guinea,1000 tonnes
2034,0.0,Papua New Guinea,1000 tonnes
2024,49.99,Paraguay,1000 tonnes
2025,52.99,Paraguay,1000 tonnes
2026,55.98,Paraguay,1000 tonnes
2027,58.97,Paraguay,1000 tonnes
2028,61.97,Paraguay,1000 tonnes
2029,64.96,Paraguay,1000 tonnes
2030,67.95,Paraguay,1000 tonnes
2031,70.95,Paraguay,1000 tonnes
2032,73.94,Paraguay,1000 tonnes
2033,76.93,Paraguay,1000 tonnes
2034,79.92,Paraguay,1000 tonnes
2024,65.31,Peru,1000 tonnes
2025,66.62,Peru,1000 tonnes
2026,65.98,Peru,1000 tonnes
2027,66.3,Peru,1000 tonnes
2028,66.14,Peru,1000 tonnes
2029,66.22,Peru,1000 tonnes
2030,66.18,Peru,1000 tonnes
2031,66.2,Peru,1000 tonnes
2032,66.19,Peru,1000 tonnes
2033,66.19,Peru,1000 tonnes
2034,66.19,Peru,1000 tonnes
2024,188.06,Philippines,1000 tonnes
2025,188.57,Philippines,1000 tonnes
2026,188.29,Philippines,1000 tonnes
2027,188.44,Philippines,1000 tonnes
2028,188.36,Philippines,1000 tonnes
2029,188.4,Philippines,1000 tonnes
2030,188.38,Philippines,1000 tonnes
2031,188.39,Philippines,1000 tonnes
2032,188.39,Philippines,1000 tonnes
2033,188.39,Philippines,1000 tonnes
2034,188.39,Philippines,1000 tonnes
2024,0.09,Portugal,1000 tonnes
2025,0.09,Portugal,1000 tonnes
2026,0.09,Portugal,1000 tonnes
2027,0.09,Portugal,1000 tonnes
2028,0.09,Portugal,1000 tonnes
2029,0.09,Portugal,1000 tonnes
2030,0.09,Portugal,1000 tonnes
2031,0.09,Portugal,1000 tonnes
2032,0.09,Portugal,1000 tonnes
2033,0.09,Portugal,1000 tonnes
2034,0.09,Portugal,1000 tonnes
2024,193.42,Republic of Korea,1000 tonnes
2025,192.4,Republic of Korea,1000 tonnes
2026,192.7,Republic of Korea,1000 tonnes
2027,192.61,Republic of Korea,1000 tonnes
2028,192.64,Republic of Korea,1000 tonnes
2029,192.63,Republic of Korea,1000 tonnes
2030,192.63,Republic of Korea,1000 tonnes
2031,192.63,Republic of Korea,1000 tonnes
2032,192.63,Republic of Korea,1000 tonnes
2033,192.63,Republic of Korea,1000 tonnes
2034,192.63,Republic of Korea,1000 tonnes
2024,1.96,Romania,1000 tonnes
2025,1.98,Romania,1000 tonnes
2026,1.97,Romania,1000 tonnes
2027,1.98,Romania,1000 tonnes
2028,1.97,Romania,1000 tonnes
2029,1.97,Romania,1000 tonnes
2030,1.97,Romania,1000 tonnes
2031,1.97,Romania,1000 tonnes
2032,1.97,Romania,1000 tonnes
2033,1.97,Romania,1000 tonnes
2034,1.97,Romania,1000 tonnes
2024,21.87,Russian Federation,1000 tonnes
2025,21.92,Russian Federation,1000 tonnes
2026,21.9,Russian Federation,1000 tonnes
2027,21.91,Russian Federation,1000 tonnes
2028,21.91,Russian Federation,1000 tonnes
2029,21.91,Russian Federation,1000 tonnes
2030,21.91,Russian Federation,1000 tonnes
2031,21.91,Russian Federation,1000 tonnes
2032,21.91,Russian Federation,1000 tonnes
2033,21.91,Russian Federation,1000 tonnes
2034,21.91,Russian Federation,1000 tonnes
2024,5.0,Rwanda,1000 tonnes
2025,5.0,Rwanda,1000 tonnes
2026,5.0,Rwanda,1000 tonnes
2027,5.0,Rwanda,1000 tonnes
2028,5.0,Rwanda,1000 tonnes
2029,5.0,Rwanda,1000 tonnes
2030,5.0,Rwanda,1000 tonnes
2031,5.0,Rwanda,1000 tonnes
2032,5.0,Rwanda,1000 tonnes
2033,5.0,Rwanda,1000 tonnes
2034,5.0,Rwanda,1000 tonnes
2024,58.92,Senegal,1000 tonnes
2025,60.51,Senegal,1000 tonnes
2026,61.81,Senegal,1000 tonnes
2027,62.88,Senegal,1000 tonnes
2028,63.75,Senegal,1000 tonnes
2029,64.48,Senegal,1000 tonnes
2030,65.07,Senegal,1000 tonnes
2031,65.56,Senegal,1000 tonnes
2032,65.96,Senegal,1000 tonnes
2033,66.29,Senegal,1000 tonnes
2034,66.56,Senegal,1000 tonnes
2024,132.87,Sierra Leone,1000 tonnes
2025,129.38,Sierra Leone,1000 tonnes
2026,131.88,Sierra Leone,1000 tonnes
2027,130.08,Sierra Leone,1000 tonnes
2028,131.37,Sierra Leone,1000 tonnes
2029,130.45,Sierra Leone,1000 tonnes
2030,131.11,Sierra Leone,1000 tonnes
2031,130.64,Sierra Leone,1000 tonnes
2032,130.98,Sierra Leone,1000 tonnes
2033,130.73,Sierra Leone,1000 tonnes
2034,130.91,Sierra Leone,1000 tonnes
2024,128.1,Small Island Developing States,1000 tonnes
2025,128.72,Small Island Developing States,1000 tonnes
2026,128.78,Small Island Developing States,1000 tonnes
2027,128.79,Small Island Developing States,1000 tonnes
2028,128.79,Small Island Developing States,1000 tonnes
2029,128.79,Small Island Developing States,1000 tonnes
2030,128.79,Small Island Developing States,1000 tonnes
2031,128.79,Small Island Developing States,1000 tonnes
2032,128.79,Small Island Developing States,1000 tonnes
2033,128.79,Small Island Developing States,1000 tonnes
2034,128.79,Small Island Developing States,1000 tonnes
2024,0.0,Solomon Islands,1000 tonnes
2025,0.0,Solomon Islands,1000 tonnes
2026,0.0,Solomon Islands,1000 tonnes
2027,0.0,Solomon Islands,1000 tonnes
2028,0.0,Solomon Islands,1000 tonnes
2029,0.0,Solomon Islands,1000 tonnes
2030,0.0,Solomon Islands,1000 tonnes
2031,0.0,Solomon Islands,1000 tonnes
2032,0.0,Solomon Islands,1000 tonnes
2033,0.0,Solomon Islands,1000 tonnes
2034,0.0,Solomon Islands,1000 tonnes
2024,0.0,South Africa,1000 tonnes
2025,0.0,South Africa,1000 tonnes
2026,0.0,South Africa,1000 tonnes
2027,0.0,South Africa,1000 tonnes
2028,0.0,South Africa,1000 tonnes
2029,0.0,South Africa,1000 tonnes
2030,0.0,South Africa,1000 tonnes
2031,0.0,South Africa,1000 tonnes
2032,0.0,South Africa,1000 tonnes
2033,0.0,South Africa,1000 tonnes
2034,0.0,South Africa,1000 tonnes
2024,1521.93,South America,1000 tonnes
2025,1517.41,South America,1000 tonnes
2026,1518.78,South America,1000 tonnes
2027,1518.36,South America,1000 tonnes
2028,1518.49,South America,1000 tonnes
2029,1518.45,South America,1000 tonnes
2030,1518.46,South America,1000 tonnes
2031,1518.46,South America,1000 tonnes
2032,1518.46,South America,1000 tonnes
2033,1518.46,South America,1000 tonnes
2034,1518.46,South America,1000 tonnes
2024,9780.5,South-eastern Asia,1000 tonnes
2025,9709.77,South-eastern Asia,1000 tonnes
2026,9758.58,South-eastern Asia,1000 tonnes
2027,9724.9,South-eastern Asia,1000 tonnes
2028,9748.14,South-eastern Asia,1000 tonnes
2029,9732.1,South-eastern Asia,1000 tonnes
2030,9743.17,South-eastern Asia,1000 tonnes
2031,9735.53,South-eastern Asia,1000 tonnes
2032,9740.8,South-eastern Asia,1000 tonnes
2033,9737.17,South-eastern Asia,1000 tonnes
2034,9739.67,South-eastern Asia,1000 tonnes
2024,0.0,Southern Africa,1000 tonnes
2025,0.0,Southern Africa,1000 tonnes
2026,0.0,Southern Africa,1000 tonnes
2027,0.0,Southern Africa,1000 tonnes
2028,0.0,Southern Africa,1000 tonnes
2029,0.0,Southern Africa,1000 tonnes
2030,0.0,Southern Africa,1000 tonnes
2031,0.0,Southern Africa,1000 tonnes
2032,0.0,Southern Africa,1000 tonnes
2033,0.0,Southern Africa,1000 tonnes
2034,0.0,Southern Africa,1000 tonnes
2024,8151.86,Southern Asia,1000 tonnes
2025,8099.3,Southern Asia,1000 tonnes
2026,8049.19,Southern Asia,1000 tonnes
2027,8001.42,Southern Asia,1000 tonnes
2028,7955.88,Southern Asia,1000 tonnes
2029,7912.46,Southern Asia,1000 tonnes
2030,7871.08,Southern Asia,1000 tonnes
2031,7831.62,Southern Asia,1000 tonnes
2032,7794.0,Southern Asia,1000 tonnes
2033,7758.15,Southern Asia,1000 tonnes
2034,7723.96,Southern Asia,1000 tonnes
2024,75.11,Southern Europe,1000 tonnes
2025,75.11,Southern Europe,1000 tonnes
2026,75.11,Southern Europe,1000 tonnes
2027,75.11,Southern Europe,1000 tonnes
2028,75.11,Southern Europe,1000 tonnes
2029,75.11,Southern Europe,1000 tonnes
2030,75.11,Southern Europe,1000 tonnes
2031,75.11,Southern Europe,1000 tonnes
2032,75.11,Southern Europe,1000 tonnes
2033,75.11,Southern Europe,1000 tonnes
2034,75.11,Southern Europe,1000 tonnes
2024,30.0,Spain,1000 tonnes
2025,30.0,Spain,1000 tonnes
2026,30.0,Spain,1000 tonnes
2027,30.0,Spain,1000 tonnes
2028,30.0,Spain,1000 tonnes
2029,30.0,Spain,1000 tonnes
2030,30.0,Spain,1000 tonnes
2031,30.0,Spain,1000 tonnes
2032,30.0,Spain,1000 tonnes
2033,30.0,Spain,1000 tonnes
2034,30.0,Spain,1000 tonnes
2024,237.0,Sri Lanka,1000 tonnes
2025,236.67,Sri Lanka,1000 tonnes
2026,236.72,Sri Lanka,1000 tonnes
2027,236.71,Sri Lanka,1000 tonnes
2028,236.71,Sri Lanka,1000 tonnes
2029,236.71,Sri Lanka,1000 tonnes
2030,236.71,Sri Lanka,1000 tonnes
2031,236.71,Sri Lanka,1000 tonnes
2032,236.71,Sri Lanka,1000 tonnes
2033,236.71,Sri Lanka,1000 tonnes
2034,236.71,Sri Lanka,1000 tonnes
2024,1.03,Sudan,1000 tonnes
2025,1.02,Sudan,1000 tonnes
2026,1.02,Sudan,1000 tonnes
2027,1.02,Sudan,1000 tonnes
2028,1.02,Sudan,1000 tonnes
2029,1.02,Sudan,1000 tonnes
2030,1.02,Sudan,1000 tonnes
2031,1.02,Sudan,1000 tonnes
2032,1.02,Sudan,1000 tonnes
2033,1.02,Sudan,1000 tonnes
2034,1.02,Sudan,1000 tonnes
2024,30.82,Suriname,1000 tonnes
2025,30.97,Suriname,1000 tonnes
2026,30.85,Suriname,1000 tonnes
2027,30.95,Suriname,1000 tonnes
2028,30.86,Suriname,1000 tonnes
2029,30.94,Suriname,1000 tonnes
2030,30.87,Suriname,1000 tonnes
2031,30.93,Suriname,1000 tonnes
2032,30.88,Suriname,1000 tonnes
2033,30.92,Suriname,1000 tonnes
2034,30.89,Suriname,1000 tonnes
2024,4.0,Tajikistan,1000 tonnes
2025,4.0,Tajikistan,1000 tonnes
2026,4.0,Tajikistan,1000 tonnes
2027,4.0,Tajikistan,1000 tonnes
2028,4.0,Tajikistan,1000 tonnes
2029,4.0,Tajikistan,1000 tonnes
2030,4.0,Tajikistan,1000 tonnes
2031,4.0,Tajikistan,1000 tonnes
2032,4.0,Tajikistan,1000 tonnes
2033,4.0,Tajikistan,1000 tonnes
2034,4.0,Tajikistan,1000 tonnes
2024,1222.95,Thailand,1000 tonnes
2025,1238.89,Thailand,1000 tonnes
2026,1252.31,Thailand,1000 tonnes
2027,1263.59,Thailand,1000 tonnes
2028,1273.09,Thailand,1000 tonnes
2029,1281.08,Thailand,1000 tonnes
2030,1287.8,Thailand,1000 tonnes
2031,1293.46,Thailand,1000 tonnes
2032,1298.21,Thailand,1000 tonnes
2033,1302.22,Thailand,1000 tonnes
2034,1305.58,Thailand,1000 tonnes
2024,2.99,Timor-Leste,1000 tonnes
2025,3.0,Timor-Leste,1000 tonnes
2026,2.99,Timor-Leste,1000 tonnes
2027,3.0,Timor-Leste,1000 tonnes
2028,2.99,Timor-Leste,1000 tonnes
2029,3.0,Timor-Leste,1000 tonnes
2030,2.99,Timor-Leste,1000 tonnes
2031,3.0,Timor-Leste,1000 tonnes
2032,2.99,Timor-Leste,1000 tonnes
2033,3.0,Timor-Leste,1000 tonnes
2034,2.99,Timor-Leste,1000 tonnes
2024,13.0,Togo,1000 tonnes
2025,13.01,Togo,1000 tonnes
2026,13.01,Togo,1000 tonnes
2027,13.01,Togo,1000 tonnes
2028,13.01,Togo,1000 tonnes
2029,13.01,Togo,1000 tonnes
2030,13.01,Togo,1000 tonnes
2031,13.01,Togo,1000 tonnes
2032,13.01,Togo,1000 tonnes
2033,13.01,Togo,1000 tonnes
2034,13.01,Togo,1000 tonnes
2024,0.0,Trinidad and Tobago,1000 tonnes
2025,0.0,Trinidad and Tobago,1000 tonnes
2026,0.0,Trinidad and Tobago,1000 tonnes
2027,0.0,Trinidad and Tobago,1000 tonnes
2028,0.0,Trinidad and Tobago,1000 tonnes
2029,0.0,Trinidad and Tobago,1000 tonnes
2030,0.0,Trinidad and Tobago,1000 tonnes
2031,0.0,Trinidad and Tobago,1000 tonnes
2032,0.0,Trinidad and Tobago,1000 tonnes
2033,0.0,Trinidad and Tobago,1000 tonnes
2034,0.0,Trinidad and Tobago,1000 tonnes
2024,5.29,Turkmenistan,1000 tonnes
2025,5.11,Turkmenistan,1000 tonnes
2026,5.07,Turkmenistan,1000 tonnes
2027,5.06,Turkmenistan,1000 tonnes
2028,5.06,Turkmenistan,1000 tonnes
2029,5.06,Turkmenistan,1000 tonnes
2030,5.06,Turkmenistan,1000 tonnes
2031,5.06,Turkmenistan,1000 tonnes
2032,5.06,Turkmenistan,1000 tonnes
2033,5.06,Turkmenistan,1000 tonnes
2034,5.06,Turkmenistan,1000 tonnes
2024,31.22,Türkiye,1000 tonnes
2025,31.35,Türkiye,1000 tonnes
2026,31.42,Türkiye,1000 tonnes
2027,31.46,Türkiye,1000 tonnes
2028,31.49,Türkiye,1000 tonnes
2029,31.5,Türkiye,1000 tonnes
2030,31.51,Türkiye,1000 tonnes
2031,31.51,Türkiye,1000 tonnes
2032,31.52,Türkiye,1000 tonnes
2033,31.52,Türkiye,1000 tonnes
2034,31.52,Türkiye,1000 tonnes
2024,8.69,Uganda,1000 tonnes
2025,8.84,Uganda,1000 tonnes
2026,8.88,Uganda,1000 tonnes
2027,8.89,Uganda,1000 tonnes
2028,8.89,Uganda,1000 tonnes
2029,8.89,Uganda,1000 tonnes
2030,8.89,Uganda,1000 tonnes
2031,8.89,Uganda,1000 tonnes
2032,8.89,Uganda,1000 tonnes
2033,8.89,Uganda,1000 tonnes
2034,8.89,Uganda,1000 tonnes
2024,1.18,Ukraine,1000 tonnes
2025,1.15,Ukraine,1000 tonnes
2026,1.15,Ukraine,1000 tonnes
2027,1.15,Ukraine,1000 tonnes
2028,1.15,Ukraine,1000 tonnes
2029,1.15,Ukraine,1000 tonnes
2030,1.15,Ukraine,1000 tonnes
2031,1.15,Ukraine,1000 tonnes
2032,1.15,Ukraine,1000 tonnes
2033,1.15,Ukraine,1000 tonnes
2034,1.15,Ukraine,1000 tonnes
2024,74.77,United Republic of Tanzania,1000 tonnes
2025,79.56,United Republic of Tanzania,1000 tonnes
2026,83.52,United Republic of Tanzania,1000 tonnes
2027,86.81,United Republic of Tanzania,1000 tonnes
2028,89.54,United Republic of Tanzania,1000 tonnes
2029,91.8,United Republic of Tanzania,1000 tonnes
2030,93.67,United Republic of Tanzania,1000 tonnes
2031,95.22,United Republic of Tanzania,1000 tonnes
2032,96.51,United Republic of Tanzania,1000 tonnes
2033,97.58,United Republic of Tanzania,1000 tonnes
2034,98.46,United Republic of Tanzania,1000 tonnes
2024,331.85,United States of America,1000 tonnes
2025,411.0,United States of America,1000 tonnes
2026,331.85,United States of America,1000 tonnes
2027,411.0,United States of America,1000 tonnes
2028,331.85,United States of America,1000 tonnes
2029,411.0,United States of America,1000 tonnes
2030,331.86,United States of America,1000 tonnes
2031,411.0,United States of America,1000 tonnes
2032,331.86,United States of America,1000 tonnes
2033,411.0,United States of America,1000 tonnes
2034,331.86,United States of America,1000 tonnes
2024,23.89,Uruguay,1000 tonnes
2025,23.81,Uruguay,1000 tonnes
2026,23.75,Uruguay,1000 tonnes
2027,23.7,Uruguay,1000 tonnes
2028,23.66,Uruguay,1000 tonnes
2029,23.63,Uruguay,1000 tonnes
2030,23.6,Uruguay,1000 tonnes
2031,23.58,Uruguay,1000 tonnes
2032,23.57,Uruguay,1000 tonnes
2033,23.56,Uruguay,1000 tonnes
2034,23.55,Uruguay,1000 tonnes
2024,12.28,Uzbekistan,1000 tonnes
2025,12.42,Uzbekistan,1000 tonnes
2026,12.48,Uzbekistan,1000 tonnes
2027,12.52,Uzbekistan,1000 tonnes
2028,12.53,Uzbekistan,1000 tonnes
2029,12.54,Uzbekistan,1000 tonnes
2030,12.54,Uzbekistan,1000 tonnes
2031,12.55,Uzbekistan,1000 tonnes
2032,12.55,Uzbekistan,1000 tonnes
2033,12.55,Uzbekistan,1000 tonnes
2034,12.55,Uzbekistan,1000 tonnes
2024,32.8,Venezuela (Bolivarian Republic of),1000 tonnes
2025,32.82,Venezuela (Bolivarian Republic of),1000 tonnes
2026,32.82,Venezuela (Bolivarian Republic of),1000 tonnes
2027,32.82,Venezuela (Bolivarian Republic of),1000 tonnes
2028,32.82,Venezuela (Bolivarian Republic of),1000 tonnes
2029,32.82,Venezuela (Bolivarian Republic of),1000 tonnes
2030,32.82,Venezuela (Bolivarian Republic of),1000 tonnes
2031,32.82,Venezuela (Bolivarian Republic of),1000 tonnes
2032,32.82,Venezuela (Bolivarian Republic of),1000 tonnes
2033,32.82,Venezuela (Bolivarian Republic of),1000 tonnes
2034,32.82,Venezuela (Bolivarian Republic of),1000 tonnes
2024,3720.68,Viet Nam,1000 tonnes
2025,3706.11,Viet Nam,1000 tonnes
2026,3702.4,Viet Nam,1000 tonnes
2027,3701.46,Viet Nam,1000 tonnes
2028,3701.22,Viet Nam,1000 tonnes
2029,3701.16,Viet Nam,1000 tonnes
2030,3701.14,Viet Nam,1000 tonnes
2031,3701.14,Viet Nam,1000 tonnes
2032,3701.14,Viet Nam,1000 tonnes
2033,3701.14,Viet Nam,1000 tonnes
2034,3701.14,Viet Nam,1000 tonnes
2024,1949.59,Western Africa,1000 tonnes
2025,2022.17,Western Africa,1000 tonnes
2026,2094.76,Western Africa,1000 tonnes
2027,2167.34,Western Africa,1000 tonnes
2028,2239.92,Western Africa,1000 tonnes
2029,2312.49,Western Africa,1000 tonnes
2030,2385.07,Western Africa,1000 tonnes
2031,2457.64,Western Africa,1000 tonnes
2032,2530.21,Western Africa,1000 tonnes
2033,2602.77,Western Africa,1000 tonnes
2034,2675.34,Western Africa,1000 tonnes
2024,45.27,Western Asia,1000 tonnes
2025,43.54,Western Asia,1000 tonnes
2026,43.02,Western Asia,1000 tonnes
2027,42.87,Western Asia,1000 tonnes
2028,42.82,Western Asia,1000 tonnes
2029,42.8,Western Asia,1000 tonnes
2030,42.8,Western Asia,1000 tonnes
2031,42.8,Western Asia,1000 tonnes
2032,42.8,Western Asia,1000 tonnes
2033,42.8,Western Asia,1000 tonnes
2034,42.8,Western Asia,1000 tonnes
2024,0.61,Western Europe,1000 tonnes
2025,0.94,Western Europe,1000 tonnes
2026,0.67,Western Europe,1000 tonnes
2027,0.89,Western Europe,1000 tonnes
2028,0.7,Western Europe,1000 tonnes
2029,0.86,Western Europe,1000 tonnes
2030,0.73,Western Europe,1000 tonnes
2031,0.84,Western Europe,1000 tonnes
2032,0.75,Western Europe,1000 tonnes
2033,0.83,Western Europe,1000 tonnes
2034,0.76,Western Europe,1000 tonnes
2024,31637.3,World,1000 tonnes
2025,31551.21,World,1000 tonnes
2026,31466.7,World,1000 tonnes
2027,31383.75,World,1000 tonnes
2028,31302.32,World,1000 tonnes
2029,31222.38,World,1000 tonnes
2030,31143.91,World,1000 tonnes
2031,31066.88,World,1000 tonnes
2032,30991.27,World,1000 tonnes
2033,30917.05,World,1000 tonnes
2034,30844.18,World,1000 tonnes
2024,2.77,Zambia,1000 tonnes
2025,2.65,Zambia,1000 tonnes
2026,2.6,Zambia,1000 tonnes
2027,2.57,Zambia,1000 tonnes
2028,2.55,Zambia,1000 tonnes
2029,2.55,Zambia,1000 tonnes
2030,2.54,Zambia,1000 tonnes
2031,2.54,Zambia,1000 tonnes
2032,2.54,Zambia,1000 tonnes
2033,2.54,Zambia,1000 tonnes
2034,2.54,Zambia,1000 tonnes
2024,0.0,Zimbabwe,1000 tonnes
2025,0.0,Zimbabwe,1000 tonnes
2026,0.0,Zimbabwe,1000 tonnes
2027,0.0,Zimbabwe,1000 tonnes
2028,0.0,Zimbabwe,1000 tonnes
2029,0.0,Zimbabwe,1000 tonnes
2030,0.0,Zimbabwe,1000 tonnes
2031,0.0,Zimbabwe,1000 tonnes
2032,0.0,Zimbabwe,1000 tonnes
2033,0.0,Zimbabwe,1000 tonnes
2034,0.0,Zimbabwe,1000 tonnes
